asset_id,candidate_path,generator,generated_on,prompt_reference,human_reviewed
IMG-001,assets/generated/images/brand/brand_app_icon_main_v01.png,built_in_image_gen,2026-10-04,docs/assets/IMAGE_ASSET_PROMPTS.md,true
IMG-002,assets/generated/images/brand/brand_logo_mark_v01.png,built_in_image_gen,2026-10-04,docs/assets/IMAGE_ASSET_PROMPTS.md,true
IMG-003,assets/generated/images/brand/brand_splash_hero_portrait_v01.png,built_in_image_gen,2026-10-04,docs/assets/IMAGE_ASSET_PROMPTS.md,true
IMG-010,assets/generated/images/onboarding/onboarding_math_journey_v01.png,built_in_image_gen,2026-10-04,docs/assets/IMAGE_ASSET_PROMPTS.md,true
IMG-011,assets/generated/images/onboarding/onboarding_math_editor_v01.png,built_in_image_gen,2026-10-04,docs/assets/IMAGE_ASSET_PROMPTS.md,true
IMG-012,assets/generated/images/onboarding/onboarding_progress_book_v01.png,built_in_image_gen,2026-10-04,docs/assets/IMAGE_ASSET_PROMPTS.md,true
IMG-020,assets/generated/images/worlds/world_fundamentals_banner_v01.png,built_in_image_gen,2026-10-04,docs/assets/IMAGE_ASSET_PROMPTS.md,true
IMG-021,assets/generated/images/worlds/world_algebra_banner_v01.png,built_in_image_gen,2026-10-04,docs/assets/IMAGE_ASSET_PROMPTS.md,true
IMG-022,assets/generated/images/worlds/world_functions_banner_v01.png,built_in_image_gen,2026-10-04,docs/assets/IMAGE_ASSET_PROMPTS.md,true
IMG-023,assets/generated/images/worlds/world_limits_banner_v01.png,built_in_image_gen,2026-10-04,docs/assets/IMAGE_ASSET_PROMPTS.md,true
IMG-030,assets/generated/images/challenges/challenge_equilibrium_keyart_v01.png,built_in_image_gen,2026-10-04,docs/assets/IMAGE_ASSET_PROMPTS.md,true
IMG-031,assets/generated/images/challenges/challenge_connect_points_keyart_v01.png,built_in_image_gen,2026-10-04,docs/assets/IMAGE_ASSET_PROMPTS.md,true
IMG-032,assets/generated/images/challenges/challenge_limit_point_keyart_v01.png,built_in_image_gen,2026-10-04,docs/assets/IMAGE_ASSET_PROMPTS.md,true
IMG-040,assets/generated/images/empty/empty_no_history_v01.png,built_in_image_gen,2026-10-04,docs/assets/IMAGE_ASSET_PROMPTS.md,true
IMG-041,assets/generated/images/empty/empty_no_favorites_v01.png,built_in_image_gen,2026-10-04,docs/assets/IMAGE_ASSET_PROMPTS.md,true
IMG-042,assets/generated/images/empty/empty_offline_mode_v01.png,built_in_image_gen,2026-10-04,docs/assets/IMAGE_ASSET_PROMPTS.md,true
IMG-043,assets/generated/images/empty/empty_no_review_needed_v01.png,built_in_image_gen,2026-10-04,docs/assets/IMAGE_ASSET_PROMPTS.md,false
IMG-050,assets/generated/images/decorative/decor_geometric_pack_v01.png,built_in_image_gen,2026-10-04,docs/assets/IMAGE_ASSET_PROMPTS.md,true
IMG-051,assets/generated/images/decorative/decor_map_ambient_background_v01.png,built_in_image_gen,2026-10-04,docs/assets/IMAGE_ASSET_PROMPTS.md,true
IMG-052,assets/generated/images/decorative/decor_challenge_ambient_overlay_v01.png,built_in_image_gen,2026-10-04,docs/assets/IMAGE_ASSET_PROMPTS.md,true
IMG-060,assets/generated/images/badges/badge_tool_unlock_frame_v01.png,built_in_image_gen,2026-10-04,docs/assets/IMAGE_ASSET_PROMPTS.md,true
IMG-061,assets/generated/images/badges/badge_milestone_frame_v01.png,built_in_image_gen,2026-10-04,docs/assets/IMAGE_ASSET_PROMPTS.md,true
SFX-001,assets/generated/audio/ui/ui_tap_soft.wav,scripts/assets/generate_sfx.py,2026-10-04,docs/assets/SFX_ASSET_PROMPTS.md,false
SFX-002,assets/generated/audio/ui/ui_panel_open.wav,scripts/assets/generate_sfx.py,2026-10-04,docs/assets/SFX_ASSET_PROMPTS.md,false
SFX-003,assets/generated/audio/ui/ui_panel_close.wav,scripts/assets/generate_sfx.py,2026-10-04,docs/assets/SFX_ASSET_PROMPTS.md,false
SFX-004,assets/generated/audio/ui/ui_board_switch.wav,scripts/assets/generate_sfx.py,2026-10-04,docs/assets/SFX_ASSET_PROMPTS.md,false
SFX-010,assets/generated/audio/feedback/feedback_step_valid.wav,scripts/assets/generate_sfx.py,2026-10-04,docs/assets/SFX_ASSET_PROMPTS.md,false
SFX-011,assets/generated/audio/feedback/feedback_step_invalid.wav,scripts/assets/generate_sfx.py,2026-10-04,docs/assets/SFX_ASSET_PROMPTS.md,false
SFX-012,assets/generated/audio/feedback/feedback_attention.wav,scripts/assets/generate_sfx.py,2026-10-04,docs/assets/SFX_ASSET_PROMPTS.md,false
SFX-013,assets/generated/audio/feedback/feedback_unproven.wav,scripts/assets/generate_sfx.py,2026-10-04,docs/assets/SFX_ASSET_PROMPTS.md,false
SFX-014,assets/generated/audio/feedback/feedback_self_correction.wav,scripts/assets/generate_sfx.py,2026-10-04,docs/assets/SFX_ASSET_PROMPTS.md,false
SFX-020,assets/generated/audio/progression/progress_tool_unlock.wav,scripts/assets/generate_sfx.py,2026-10-04,docs/assets/SFX_ASSET_PROMPTS.md,false
SFX-021,assets/generated/audio/progression/progress_lesson_complete.wav,scripts/assets/generate_sfx.py,2026-10-04,docs/assets/SFX_ASSET_PROMPTS.md,false
SFX-022,assets/generated/audio/progression/progress_skill_mastered.wav,scripts/assets/generate_sfx.py,2026-10-04,docs/assets/SFX_ASSET_PROMPTS.md,false
SFX-023,assets/generated/audio/progression/progress_milestone_reached.wav,scripts/assets/generate_sfx.py,2026-10-04,docs/assets/SFX_ASSET_PROMPTS.md,false
SFX-024,assets/generated/audio/progression/progress_challenge_complete.wav,scripts/assets/generate_sfx.py,2026-10-04,docs/assets/SFX_ASSET_PROMPTS.md,false
SFX-030,assets/generated/audio/system/system_sync_complete.wav,scripts/assets/generate_sfx.py,2026-10-04,docs/assets/SFX_ASSET_PROMPTS.md,false
SFX-031,assets/generated/audio/system/system_saved_offline.wav,scripts/assets/generate_sfx.py,2026-10-04,docs/assets/SFX_ASSET_PROMPTS.md,false
SFX-032,assets/generated/audio/system/system_connection_restored.wav,scripts/assets/generate_sfx.py,2026-10-04,docs/assets/SFX_ASSET_PROMPTS.md,false
