asset_id,source_candidate,approved_path,decision,decision_date,decision_source
IMG-001,assets/generated/images/brand/brand_app_icon_main_v01.png,assets/approved/images/brand/brand_app_icon_main.png,approved,2026-10-04,owner note in docs/assets/ASSET_REVIEW_CHECKLIST.md
IMG-002,assets/generated/images/brand/brand_logo_mark_v01.png,assets/approved/images/brand/brand_logo_mark.png,approved,2026-10-04,owner note in docs/assets/ASSET_REVIEW_CHECKLIST.md
IMG-003,assets/generated/images/brand/brand_splash_hero_portrait_v01.png,assets/approved/images/brand/brand_splash_hero_portrait.png,approved,2026-10-04,owner note in docs/assets/ASSET_REVIEW_CHECKLIST.md
IMG-010,assets/generated/images/onboarding/onboarding_math_journey_v01.png,assets/approved/images/onboarding/onboarding_math_journey.png,approved,2026-10-04,owner note in docs/assets/ASSET_REVIEW_CHECKLIST.md
IMG-011,assets/generated/images/onboarding/onboarding_math_editor_v01.png,assets/approved/images/onboarding/onboarding_math_editor.png,approved,2026-10-04,owner note in docs/assets/ASSET_REVIEW_CHECKLIST.md
IMG-012,assets/generated/images/onboarding/onboarding_progress_book_v01.png,assets/approved/images/onboarding/onboarding_progress_book.png,approved,2026-10-04,owner note in docs/assets/ASSET_REVIEW_CHECKLIST.md
IMG-020,assets/generated/images/worlds/world_fundamentals_banner_v01.png,assets/approved/images/worlds/world_fundamentals_banner.png,approved,2026-10-04,owner note in docs/assets/ASSET_REVIEW_CHECKLIST.md
IMG-021,assets/generated/images/worlds/world_algebra_banner_v01.png,assets/approved/images/worlds/world_algebra_banner.png,approved,2026-10-04,owner note in docs/assets/ASSET_REVIEW_CHECKLIST.md
IMG-022,assets/generated/images/worlds/world_functions_banner_v01.png,assets/approved/images/worlds/world_functions_banner.png,approved,2026-10-04,owner note in docs/assets/ASSET_REVIEW_CHECKLIST.md
IMG-023,assets/generated/images/worlds/world_limits_banner_v01.png,assets/approved/images/worlds/world_limits_banner.png,approved,2026-10-04,owner note in docs/assets/ASSET_REVIEW_CHECKLIST.md
IMG-030,assets/generated/images/challenges/challenge_equilibrium_keyart_v01.png,assets/approved/images/challenges/challenge_equilibrium_keyart.png,approved,2026-10-04,owner note in docs/assets/ASSET_REVIEW_CHECKLIST.md
IMG-031,assets/generated/images/challenges/challenge_connect_points_keyart_v01.png,assets/approved/images/challenges/challenge_connect_points_keyart.png,approved,2026-10-04,owner note in docs/assets/ASSET_REVIEW_CHECKLIST.md
IMG-032,assets/generated/images/challenges/challenge_limit_point_keyart_v01.png,assets/approved/images/challenges/challenge_limit_point_keyart.png,approved,2026-10-04,owner note in docs/assets/ASSET_REVIEW_CHECKLIST.md
IMG-040,assets/generated/images/empty/empty_no_history_v01.png,assets/approved/images/empty/empty_no_history.png,approved,2026-10-04,owner note in docs/assets/ASSET_REVIEW_CHECKLIST.md
IMG-041,assets/generated/images/empty/empty_no_favorites_v01.png,assets/approved/images/empty/empty_no_favorites.png,approved,2026-10-04,owner note in docs/assets/ASSET_REVIEW_CHECKLIST.md
IMG-042,assets/generated/images/empty/empty_offline_mode_v01.png,assets/approved/images/empty/empty_offline_mode.png,approved,2026-10-04,owner note in docs/assets/ASSET_REVIEW_CHECKLIST.md
IMG-050,assets/generated/images/decorative/decor_geometric_pack_v01.png,assets/approved/images/decorative/decor_geometric_pack.png,approved,2026-10-04,owner note in docs/assets/ASSET_REVIEW_CHECKLIST.md
IMG-051,assets/generated/images/decorative/decor_map_ambient_background_v01.png,assets/approved/images/decorative/decor_map_ambient_background.png,approved,2026-10-04,owner note in docs/assets/ASSET_REVIEW_CHECKLIST.md
IMG-052,assets/generated/images/decorative/decor_challenge_ambient_overlay_v01.png,assets/approved/images/decorative/decor_challenge_ambient_overlay.png,approved,2026-10-04,owner note in docs/assets/ASSET_REVIEW_CHECKLIST.md
IMG-060,assets/generated/images/badges/badge_tool_unlock_frame_v01.png,assets/approved/images/badges/badge_tool_unlock_frame.png,approved,2026-10-04,owner note in docs/assets/ASSET_REVIEW_CHECKLIST.md
IMG-061,assets/generated/images/badges/badge_milestone_frame_v01.png,assets/approved/images/badges/badge_milestone_frame.png,approved,2026-10-04,owner note in docs/assets/ASSET_REVIEW_CHECKLIST.md
